id,personId,fileName,created_at
1,4,1711088698679.jpg,1711088699958
2,4,1711088709788.jpg,1711088711334
3,23,1711088719617.jpg,1711088720942
4,4,1711088721762.jpg,1711088723090
5,4,1711088731953.jpg,1711088733147
6,4,1711088742143.jpg,1711088743591
7,4,1711088774482.jpg,1711088775716
8,24,1711088781148.jpg,1711088782594
9,1,1711088812403.jpg,1711088813934
10,4,1711088819683.jpg,1711088820927
11,4,1711088830645.jpg,1711088832062
12,26,1711088843498.jpg,1711088844855
13,4,1711088843498.jpg,1711088844856
14,4,1711088853819.jpg,1711088855108
15,26,1711088853819.jpg,1711088855108
16,4,1711088864109.jpg,1711088865447
17,23,1711088870174.jpg,1711088871571
18,4,1711088875814.jpg,1711088877057
19,17,1711088883314.jpg,1711088884516
20,4,1711088982063.jpg,1711088983319
21,4,1711088994942.jpg,1711088996211
22,7,1711089003381.jpg,1711089005018
23,24,1711089040126.jpg,1711089041468
24,12,1711089072622.jpg,1711089074028
25,25,1711089078540.jpg,1711089079974
26,14,1711089081773.jpg,1711089083916
27,28,1711089087755.jpg,1711089089326
28,11,1711089090618.jpg,1711089091985
29,20,1711089113651.jpg,1711089115188
30,14,1711089116730.jpg,1711089118295
31,5,1711089138251.jpg,1711089139473
32,17,1711089138251.jpg,1711089139474
33,18,1711089145922.jpg,1711089147592
34,4,1711093403646.jpg,1711093408166
35,4,1711093416881.jpg,1711093418545
36,4,1711093427534.jpg,1711093429195
37,4,1711093438007.jpg,1711093439643
38,4,1711093448543.jpg,1711093450230
39,4,1711093458791.jpg,1711093460511
40,4,1711093469156.jpg,1711093470785
41,4,1711093479454.jpg,1711093481206
42,4,1711093489786.jpg,1711093491451
43,4,1711093500222.jpg,1711093501911
44,4,1711093510399.jpg,1711093512035
